"";"container.title";"published.print";"doi";"issue";"title";"volume";"given";"family";"sequence";"affiliations";"suffix";"name";"ORCID";"authenticated.orcid";"issn"
"1";"American Economic Journal: Applied Economics";"2019-07-01";"10.1257/app.20170128";"3";"Long-Run Effects of Temporary Incentives on Medical Care Productivity";"11";"Paula";"Giovagnoli";"additional";"World Bank, Bouchard 547, Floor 29, C1106ABG, Buenos Aires, Argentina";NA;NA;NA;NA;"1945-7790"
"2";"American Economic Journal: Applied Economics";"2019-07-01";"10.1257/app.20170128";"3";"Long-Run Effects of Temporary Incentives on Medical Care Productivity";"11";"Christel";"Vermeersch";"additional";"World Bank, MSN I7-100, 1818 H ST NW, Washington, DC";NA;NA;NA;NA;"1945-7790"
"3";"American Economic Journal: Applied Economics";"2014-10-01";"10.1257/app.6.4.197";"4";"Soil Endowments, Female Labor Force Participation, and the Demographic Deficit of Women in India";"6";"Eliana";"Carranza";"first";"World Bank, 1818 H St. NW, Washington, DC 20433 (e-mail: ).";NA;NA;NA;NA;"1945-7790"
"4";"American Economic Journal: Applied Economics";"2016-10-01";"10.1257/app.20150149";"4";"The Impact of High School Financial Education: Evidence from a Large-Scale Evaluation in Brazil";"8";"Miriam";"Bruhn";"first";"Development Economics Research Group, The World Bank, 1818 H Street NW, Washington, DC 20433 (e-mail: )";NA;NA;NA;NA;"1945-7790"
"5";"American Economic Journal: Applied Economics";"2016-10-01";"10.1257/app.20150149";"4";"The Impact of High School Financial Education: Evidence from a Large-Scale Evaluation in Brazil";"8";"Arianna";"Legovini";"additional";"Development Impact Evaluation Unit, The World Bank, 1818 H Street NW, Washington, DC 20433 (e-mail: )";NA;NA;NA;NA;"1945-7790"
"6";"American Economic Journal: Applied Economics";"2016-10-01";"10.1257/app.20150149";"4";"The Impact of High School Financial Education: Evidence from a Large-Scale Evaluation in Brazil";"8";"Rogelio";"Marchetti";"additional";"Latin America Division, The World Bank, 1818 H Street NW, Washington, DC 20433 (e-mail: )";NA;NA;NA;NA;"1945-7790"
"7";"American Economic Journal: Applied Economics";"2016-10-01";"10.1257/app.20150149";"4";"The Impact of High School Financial Education: Evidence from a Large-Scale Evaluation in Brazil";"8";"Bilal";"Zia";"additional";"Development Economics Research Group, The World Bank, 1818 H Street NW, Washington, DC 20433 (e-mail: )";NA;NA;NA;NA;"1945-7790"
"8";"American Economic Journal: Applied Economics";"2016-04-01";"10.1257/app.20150023";"2";"The Returns to Microenterprise Support among the Ultrapoor: A Field Experiment in Postwar Uganda";"8";"Julian";"Jamison";"additional";"Global INsights Initiative, The World Bank, 1818 H Street NW, Washington, DC 20433 (e-mail: )";NA;NA;NA;NA;"1945-7790"
"9";"American Economic Journal: Applied Economics";"2020-04-01";"10.1257/app.20180369";"2";"Do Management Interventions Last? Evidence from India";"12";"David";"McKenzie";"additional";"Development Research Group, the World Bank, MSN MC3-307, 1818 H Street NW, Washington, DC 20433";NA;NA;NA;NA;"1945-7790"
"10";"American Economic Journal: Applied Economics";"2019-01-01";"10.1257/app.20170497";"1";"Labor Drops: Experimental Evidence on the Return to Additional Labor in Microenterprises";"11";"David";"McKenzie";"additional";"Development Research, The World Bank, 1818 H Street NW, Washington, DC 20433 ()";NA;NA;NA;NA;"1945-7790"
"11";"American Economic Journal: Applied Economics";"2021-04-01";"10.1257/app.20180340";"2";"Growing Markets through Business Training for Female Entrepreneurs: A Market-Level Randomized Experiment in Kenya";"13";"David";"McKenzie";"first";"Development Research Group, World Bank, 1818 H Street NW, Washington, DC 20433";NA;NA;NA;NA;"1945-7790"
"12";"American Economic Journal: Applied Economics";"2016-10-01";"10.1257/app.20130399";"4";"What Does Debt Relief Do for Development? Evidence from India's Bailout for Rural Households";"8";"Martin";"Kanz";"first";"The World Bank, Development Economics Research Group, 1818 H Street NW, Washington, DC 20433 (e-mail: )";NA;NA;NA;NA;"1945-7790"
"13";"American Economic Journal: Applied Economics";"2013-01-01";"10.1257/app.5.2.122";"2";"The Demand for, and Consequences of, Formalization among Informal Firms in Sri Lanka";"5";"David";"McKenzie";"additional";"Lead Economist, Development Research Group, The World Bank, 1818 H Street N.W., MSN MC3-307, Washington, DC 20433.";NA;NA;NA;NA;"1945-7790"
"14";"American Economic Journal: Applied Economics";"2010-10-01";"10.1257/app.2.4.213";"4";"Put Your Money Where Your Butt Is: A Commitment Contract for Smoking Cessation";"2";"Xavier";"Giné";"first";"Development Economics Research Group, The World Bank, 1818 H St., NW, MC3–307, Washington, DC 20433.";NA;NA;NA;NA;"1945-7790"
"15";"American Economic Journal: Applied Economics";"2009-09-01";"10.1257/app.1.4.200";"4";"In Pursuit of Balance: Randomization in Practice in Development Field Experiments";"1";"Miriam";"Bruhn";"first";"Development Research Group, World Bank, MSN MC3-307, 1818 H Street N. W., Washington, DC 20433.";NA;NA;NA;NA;"1945-7790"
"16";"American Economic Journal: Applied Economics";"2009-09-01";"10.1257/app.1.4.200";"4";"In Pursuit of Balance: Randomization in Practice in Development Field Experiments";"1";"David";"McKenzie";"additional";"Development Research Group, World Bank, MSN MC3-307, 1818 H Street N. W., Washington, DC 20433.";NA;NA;NA;NA;"1945-7790"
"17";"American Economic Journal: Applied Economics";"2021-07-01";"10.1257/app.20190083";"3";"Credit Rationing and Pass-Through in Supply Chains: Theory and Evidence from Bangladesh";"13";"Forhad";"Shilpi";"additional";"DECRG, World Bank";NA;NA;NA;NA;"1945-7790"
"18";"American Economic Journal: Applied Economics";"2014-10-01";"10.1257/app.6.4.35";"4";"Citizenship, Fertility, and Parental Investments";"6";"Ciro";"Avitabile";"first";"World Bank Group and CSEF, 1818 H Street, N.W., Washington, DC 20433 (e-mail: )";NA;NA;NA;NA;"1945-7790"
"19";"American Economic Journal: Applied Economics";"2014-10-01";"10.1257/app.6.4.1";"4";"Should Aid Reward Performance? Evidence from a Field Experiment on Health and Education in Indonesia";"6";"Junko";"Onishi";"additional";"The World Bank, 1818 H Street, NW, Washington, DC 20433 (e-mail: )";NA;NA;NA;NA;"1945-7790"
"20";"American Economic Journal: Applied Economics";"2014-10-01";"10.1257/app.6.4.1";"4";"Should Aid Reward Performance? Evidence from a Field Experiment on Health and Education in Indonesia";"6";"Susan";"Wong";"additional";"The World Bank, 1818 H Street, NW, Washington, DC 20433 (e-mail: ).";NA;NA;NA;NA;"1945-7790"
"21";"American Economic Journal: Applied Economics";"2011-01-01";"10.1257/app.3.1.35";"1";"Transactional Sex as a Response to Risk in Western Kenya";"3";"Ethan";"Yeh";"additional";"The World Bank, 1818 H Street, N.W., Washington, DC 20433.";NA;NA;NA;NA;"1945-7790"
"22";"American Economic Journal: Applied Economics";"2012-07-01";"10.1257/app.4.3.64";"3";"Enforcement of Labor Regulation and Informality";"4";"Rita";"Almeida";"first";"(IZA and World Bank): 1818 H Street, NW, Washington DC 20433.";NA;NA;NA;NA;"1945-7790"
"23";"American Economic Journal: Applied Economics";"2010-07-01";"10.1257/app.2.3.60";"3";"Microfinance Games";"2";"Xavier";"Giné";"first";"Development Economics Research Group, The World Bank, 1818 H St., NW, MC3-307, Washington, DC 20433.";NA;NA;NA;NA;"1945-7790"
"24";"American Economic Journal: Applied Economics";"2013-01-01";"10.1257/app.5.1.104";"1";"Barriers to Household Risk Management: Evidence from India";"5";"Xavier";"Giné";"additional";"World Bank, 1818 H Street, N.W., Washington, DC 20433.";NA;NA;NA;NA;"1945-7790"
"25";"American Economic Journal: Applied Economics";"2021-01-01";"10.1257/app.20190067";"1";"Poverty and Migration in the Digital Age: Experimental Evidence on Mobile Banking in Bangladesh";"13";"Jean N.";"Lee";"first";"World Bank, 1818 H St NW, Washington, DC 20433";NA;NA;NA;NA;"1945-7790"
"26";"American Economic Journal: Applied Economics";"2021-01-01";"10.1257/app.20190067";"1";"Poverty and Migration in the Digital Age: Experimental Evidence on Mobile Banking in Bangladesh";"13";"Hassan";"Zaman";"additional";"World Bank, 1818 H St NW, Washington, DC 20433";NA;NA;NA;NA;"1945-7790"
"27";"American Economic Journal: Applied Economics";"2023-01-01";"10.1257/app.20210041";"1";"The Effects of Working While in School: Evidence from Employment Lotteries";"15";"Diego";"Ubfal";"additional";"World Bank";NA;NA;NA;NA;"1945-7790"
"28";"American Economic Journal: Applied Economics";"2010-07-01";"10.1257/app.2.3.190";"3";"Service Delivery and Corruption in Public Services: How Does History Matter?";"2";"Priyanka";"Pandey";"first";"South Asia Human Development, The World Bank, 1818 H Street, NW, Washington, DC 20433.";NA;NA;NA;NA;"1945-7790"
"29";"American Economic Journal: Applied Economics";"2018-01-01";"10.1257/app.20130480";"1";"Together We Will: Experimental Evidence on Female Voting Behavior in Pakistan";"10";"Xavier";"Giné";"first";"Development Research Group, The World Bank, 1818 H Street NW, MSN MC 3-307, Washington, DC 20433";NA;NA;NA;NA;"1945-7790"
"30";"American Economic Journal: Applied Economics";"2018-01-01";"10.1257/app.20130480";"1";"Together We Will: Experimental Evidence on Female Voting Behavior in Pakistan";"10";"Ghazala";"Mansuri";"additional";"Poverty and Equity Global Practice and Development Research Group, The World Bank, 1818 H Street NW, MSN MC 4-415, Washington, DC 20433";NA;NA;NA;NA;"1945-7790"
"31";"American Economic Journal: Applied Economics";"2014-04-01";"10.1257/app.6.2.49";"2";"Distortions in the International Migrant Labor Market: Evidence from Filipino Migration and Wage Responses to Destination Country Economic Shocks";"6";"David";"McKenzie";"first";"World Bank, 1818 H St. NW, Washington, DC 20433 (e-mail: )";NA;NA;NA;NA;"1945-7790"
"32";"American Economic Journal: Applied Economics";"2017-10-01";"10.1257/app.20150342";"4";"Customary Norms, Inheritance, and Human Capital: Evidence from a Reform of the Matrilineal System in Ghana";"9";"Annamaria";"Milazzo";"additional";"World Bank’s Development Research Group, 1818 H Street NW, Washington, D.C.";NA;NA;NA;NA;"1945-7790"
"33";"American Economic Journal: Applied Economics";"2019-04-01";"10.1257/app.20170566";"2";"Bridging the Intention-Behavior Gap? The Effect of Plan-Making Prompts on Job Search and Employment";"11";"Eliana";"Carranza";"additional";"World Bank, 1818 H Street NW, Washington, DC 20433";NA;NA;NA;NA;"1945-7790"
"34";"American Economic Journal: Applied Economics";"2017-01-01";"10.1257/app.20150512";"1";"Politics and Local Economic Growth: Evidence from India";"9";"Sam";"Asher";"first";"Development Research Group, World Bank, 1818 H Street, NW, MC3-308, Washington, DC 20433 (e-mail: )";NA;NA;NA;NA;"1945-7790"
"35";"American Economic Journal: Applied Economics";"2011-04-01";"10.1257/app.3.2.167";"2";"Improving the Design of Conditional Transfer Programs: Evidence from a Randomized Education Experiment in Colombia";"3";"Felipe";"Barrera-Osorio";"first";"The World Bank, 1818 H Street, NW, MSN G-8-800, Washington, DC 20433.";NA;NA;NA;NA;"1945-7790"
"36";"American Economic Journal: Applied Economics";"2013-01-01";"10.1257/app.5.2.29";"2";"School Inputs, Household Substitution, and Test Scores";"5";"Jishnu";"Das";"first";"The World Bank, MSN MC3-311, 1818 H Street, NW, Washington, DC 20433.";NA;NA;NA;NA;"1945-7790"
"37";"American Economic Journal: Applied Economics";"2013-01-01";"10.1257/app.5.2.29";"2";"School Inputs, Household Substitution, and Test Scores";"5";"Venkatesh";"Sundararaman";"additional";"The World Bank, Yak and Yeti Hotel Complex, Durbar Marg, Kathmandu, Nepal.";NA;NA;NA;NA;"1945-7790"
"38";"American Economic Journal: Applied Economics";"2013-01-01";"10.1257/app.5.2.58";"2";"The Effect of Absenteeism and Clinic Protocol on Health Outcomes: The Case of Mother-to-Child Transmission of HIV in Kenya";"5";"Markus";"Goldstein";"first";"Africa Region Gender Practice and Development Research Group, The World Bank.";NA;NA;NA;NA;"1945-7790"
"39";"American Economic Journal: Applied Economics";"2009-01-01";"10.1257/app.1.1.112";"1";"Many Children Left Behind? Textbooks and Test Scores in Kenya";"1";"Paul";"Glewwe";"first";"University of Minnesota, Department of Applied Economics, 1994 Buford Ave., St. Paul, MN 55108 and World Bank.";NA;NA;NA;NA;"1945-7790"
"40";"American Economic Journal: Applied Economics";"2012-04-01";"10.1257/app.4.2.247";"2";"Cash Transfers, Behavioral Changes, and Cognitive Development in Early Childhood: Evidence from a Randomized Experiment";"4";"Renos";"Vakis";"additional";"World Bank, 1818 H street, Washington DC 20433.";NA;NA;NA;NA;"1945-7790"
"41";"American Economic Journal: Applied Economics";"2011-04-01";"10.1257/app.3.2.137";"2";"Purchasing Power Parity Exchange Rates for the Global Poor";"3";"Olivier";"Dupriez";"additional";"Development Economics Data Group, World Bank, 1818 H St, NW, Washington, DC.";NA;NA;NA;NA;"1945-7790"
"42";"American Economic Journal: Applied Economics";"2018-07-01";"10.1257/app.20160183";"3";"Exploiting Externalities to Estimate the Long-Term Effects of Early Childhood Deworming";"10";"Owen";"Ozier";"first";"World Bank-Development Research Group, MSN MC3–311, 1818 H Street NW, Washington DC, 20433";NA;NA;NA;NA;"1945-7790"
"43";"American Economic Journal: Applied Economics";"2011-07-01";"10.1257/app.3.3.29";"3";"Do Value-Added Estimates Add Value? Accounting for Learning Dynamics";"3";"Jishnu";"Das";"additional";"Development Research Group, The World Bank, 1818 H Street, NW, Washington, DC 20433 and The Center for Policy Research, New Delhi.";NA;NA;NA;NA;"1945-7790"
"44";"American Economic Journal: Applied Economics";"2022-01-01";"10.1257/app.20190722";"1";"Does Patient Demand Contribute to the Overuse of Prescription Drugs?";"14";"Anja";"Sautmann";"additional";"World Bank";NA;NA;NA;NA;"1945-7790"
"45";"American Economic Journal: Applied Economics";"2009-06-01";"10.1257/app.1.3.1";"3";"Are Women More Credit Constrained? Experimental Evidence on Gender and Microenterprise Returns";"1";"David";"McKenzie";"additional";"Development Research Group, World Bank, 1818 H Street N.W., MSN MC3-307, Washington, DC 20433.";NA;NA;NA;NA;"1945-7790"
"46";"American Economic Journal: Applied Economics";"2010-07-01";"10.1257/app.2.3.22";"3";"Information, Direct Access to Farmers, and Rural Market Performance in Central India";"2";"Aparajita";"Goyal";"first";"Development Economics Research Group, World Bank, 1818 H St. NW, Washington, DC 20433.";NA;NA;NA;NA;"1945-7790"
"47";"American Economic Journal: Applied Economics";"2022-10-01";"10.1257/app.20200306";"4";"Using Individual-Level Randomized Treatment to Learn about Market Structure";"14";"Tristan";"Reed";"additional";"World Bank";NA;NA;NA;NA;"1945-7790"
"48";"American Economic Journal: Applied Economics";"2010-10-01";"10.1257/app.2.4.236";"4";"The Importance of Being Wanted";"2";"Quy-Toan";"Do";"first";"Development Research Group, The World Bank, 1818 H Street NW, Washington, DC 20433.";NA;NA;NA;NA;"1945-7790"
"49";"American Economic Journal: Applied Economics";"2010-04-01";"10.1257/app.2.2.179";"2";"Disclosure by Politicians";"2";"Simeon";"Djankov";"first";"The World Bank, 1818 H Street, Washington, DC 20433.";NA;NA;NA;NA;"1945-7790"
"50";"American Economic Journal: Applied Economics";"2017-01-01";"10.1257/app.20150027";"1";"Experimental Evidence on the Long-Run Impact of Community-Based Monitoring";"9";"Damien";"de Walque";"additional";"The World Bank, Development Research Group, 1818 H Street NW, Washington, DC 20433 (e-mail: )";NA;NA;NA;NA;"1945-7790"
"51";"American Economic Journal: Applied Economics";"2018-07-01";"10.1257/app.20160469";"3";"Incentivizing Safer Sexual Behavior: Evidence from a Lottery Experiment on HIV Prevention";"10";"Damien";"de Walque";"additional";"Development Research Group, The World Bank, 1818 H Street NW, Washington, DC 20433";NA;NA;NA;NA;"1945-7790"
"52";"American Economic Journal: Applied Economics";"2020-01-01";"10.1257/app.20170416";"1";"Women’s Empowerment in Action: Evidence from a Randomized Control Trial in Africa";"12";"Niklas";"Buehren";"additional";"Africa Region Gender Practice and Development Research Group, The World Bank, 1818 H Street NW, Washington, DC 20433";NA;NA;NA;NA;"1945-7790"
"53";"American Economic Journal: Applied Economics";"2020-01-01";"10.1257/app.20170416";"1";"Women’s Empowerment in Action: Evidence from a Randomized Control Trial in Africa";"12";"Markus";"Goldstein";"additional";"Africa Region Gender Practice and Development Research Group, The World Bank, 1818 H Street NW, Washington, DC 20433";NA;NA;NA;NA;"1945-7790"
"54";"American Economic Journal: Economic Policy";"2022-11-01";"10.1257/pol.20200778";"4";"Adviser Value Added and Student Outcomes: Evidence from Randomly Assigned College Advisers";"14";"Antoine";"Deeb";"additional";"Development Impact Evaluation, World Bank";NA;NA;NA;NA;"1945-774X"
"55";"American Economic Journal: Economic Policy";"2015-08-01";"10.1257/pol.20130225";"3";"Turning a Shove into a Nudge? A “Labeled Cash Transfer” for Education";"7";"Najy";"Benhassine";"first";"The World Bank, 1818 H St. NW Washington, DC 20433 (e-mail: )";NA;NA;NA;NA;"1945-774X"
"56";"American Economic Journal: Economic Policy";"2017-11-01";"10.1257/pol.20150293";"4";"Beggar-Thy-Neighbor Effects of Exchange Rates: A Study of the Renminbi";"9";"Aaditya";"Mattoo";"first";"Development Research Group, World Bank, 1818 H Street NW, Washington, D.C. 20433";NA;NA;NA;NA;"1945-774X"
"57";"American Economic Journal: Economic Policy";"2022-11-01";"10.1257/pol.20190628";"4";"Health Care Rationing in Public Insurance Programs: Evidence from Medicaid";"14";"Daniel";"Prinz";"additional";"World Bank and Institute for Fiscal Studies";NA;NA;NA;NA;"1945-774X"
"58";"American Economic Journal: Economic Policy";"2022-02-01";"10.1257/pol.20200123";"1";"Technology, Taxation, and Corruption: Evidence from the Introduction of Electronic Tax Filing";"14";"Oyebola";"Okunogbe";"first";"World Bank Development Research Group";NA;NA;NA;NA;"1945-774X"
"59";"American Economic Journal: Economic Policy";"2010-02-01";"10.1257/pol.2.1.1";"1";"Pitfalls of Participatory Programs: Evidence from a Randomized Evaluation in Education in India";"2";"Stuti";"Khemani";"additional";"Development Research Group, The World Bank, 1818 H Street NW, Washington, DC 20433.";NA;NA;NA;NA;"1945-774X"
"60";"American Economic Journal: Economic Policy";"2014-11-01";"10.1257/pol.6.4.207";"4";"Cash for Coolers: Evaluating a Large-Scale Appliance Replacement Program in Mexico";"6";"Alan";"Fuchs";"additional";"The World Bank, Poverty Global Practice, 1818 H Street, NW I 4-405, Washington, DC 20433 (e-mail: )";NA;NA;NA;NA;"1945-774X"
"61";"American Economic Journal: Economic Policy";"2009-01-01";"10.1257/pol.1.1.28";"1";"A Theory of Urban Squatting and Land-Tenure Formalization in Developing Countries";"1";"Harris";"Selod";"additional";"World Bank, 1818H Street NW, Washington, DC 20433 and Centre de Recherche en Economie et Statistique (CREST).";NA;NA;NA;NA;"1945-774X"
"62";"American Economic Journal: Economic Policy";"2019-08-01";"10.1257/pol.20160589";"3";"Casting a Wider Tax Net: Experimental Evidence from Costa Rica";"11";"Anne";"Brockmeyer";"first";"The World Bank, 1818 H Street, Washington, DC 20433";NA;NA;NA;NA;"1945-774X"
"63";"American Economic Journal: Economic Policy";"2019-08-01";"10.1257/pol.20160589";"3";"Casting a Wider Tax Net: Experimental Evidence from Costa Rica";"11";"Marco";"Hernandez";"additional";"The World Bank, 1818 H Street, Washington, DC 20433";NA;NA;NA;NA;"1945-774X"
"64";"American Economic Journal: Economic Policy";"2009-01-01";"10.1257/pol.1.1.75";"1";"Housing, Health, and Happiness";"1";"Sebastian";"Martinez";"additional";"World Bank, 1818 H Street, NW, Washington, DC 20433.";NA;NA;NA;NA;"1945-774X"
"65";"American Economic Journal: Economic Policy";"2021-11-01";"10.1257/pol.20180564";"4";"Corporate Taxation under Weak Enforcement";"13";"Pierre";"Bachas";"first";"World Bank Research";NA;NA;NA;NA;"1945-774X"
"66";"American Economic Journal: Economic Policy";"2021-08-01";"10.1257/pol.20200100";"3";"Using Labor Supply Elasticities to Learn about Income Inequality: The Role of Productivities versus Preferences";"13";"Katy";"Bergstrom";"first";"Development Research Group, The World Bank";NA;NA;NA;NA;"1945-774X"
"67";"American Economic Journal: Macroeconomics";"2016-04-01";"10.1257/mac.20140147";"2";"Excessive Financing Costs in a Representative Agent Framework";"8";"Maya";"Eden";"first";"World Bank, 1818 H St. NW, Washington, DC, 20433 (e-mail: )";NA;NA;NA;NA;"1945-7715"
"68";"American Economic Journal: Macroeconomics";"2010-10-01";"10.1257/mac.2.4.46";"4";"Understanding PPPs and PPP-based National Accounts: Comment";"2";"Martin";"Ravallion";"first";"Development Research Group, World Bank, 1818 H Street NW, Washington, DC, 20433.";NA;NA;NA;NA;"1945-7715"
"69";"American Economic Journal: Macroeconomics";"2014-10-01";"10.1257/mac.6.4.209";"4";"Medium Term Business Cycles in Developing Countries";"6";"Norman";"Loayza";"additional";"The World Bank, 1818 H Street, N.W., Washington, DC 20433 (e-mail: )";NA;NA;NA;NA;"1945-7715"
"70";"American Economic Journal: Macroeconomics";"2014-10-01";"10.1257/mac.6.4.209";"4";"Medium Term Business Cycles in Developing Countries";"6";"Luis";"Serven";"additional";"The World Bank, 1818 H Street, N.W., Washington, DC 20433 (e-mail:).";NA;NA;NA;NA;"1945-7715"
"71";"American Economic Journal: Macroeconomics";"2010-07-01";"10.1257/mac.2.3.31";"3";"The Effect of Corporate Taxes on Investment and Entrepreneurship";"2";"Simeon";"Djankov";"first";"The World Bank, 1818 H Street, Washington, DC 20433.";NA;NA;NA;NA;"1945-7715"
"72";"American Economic Journal: Macroeconomics";"2010-07-01";"10.1257/mac.2.3.31";"3";"The Effect of Corporate Taxes on Investment and Entrepreneurship";"2";"Caralee";"McLiesh";"additional";"The World Bank, 1818 H Street, Washington, DC 20433.";NA;NA;NA;NA;"1945-7715"
"73";"American Economic Journal: Macroeconomics";"2010-07-01";"10.1257/mac.2.3.31";"3";"The Effect of Corporate Taxes on Investment and Entrepreneurship";"2";"Rita";"Ramalho";"additional";"The World Bank, 1818 H Street, Washington, DC 20433.";NA;NA;NA;NA;"1945-7715"
"74";"American Economic Journal: Macroeconomics";"2022-04-01";"10.1257/mac.20200234";"2";"Entry Barriers, Idiosyncratic Distortions, and the Firm Size Distribution";"14";"Roberto N.";"Fattal-Jaef";"first";"Development Research Group, Macroeconomics and Growth, The World Bank";NA;NA;NA;NA;"1945-7715"
"75";"American Economic Journal: Macroeconomics";"2014-01-01";"10.1257/mac.6.1.102";"1";"Wage Rigidity and Disinflation in Emerging Countries";"6";"Julián";"Messina";"first";"World Bank, Office of the Chief Economist for Latin America and the Caribbean Region at the World Bank. 1818 H St., NW, Washington, DC 20433, and Universitat de Girona and Institute for the Study of Labor (IZA) (e-mail: )";NA;NA;NA;NA;"1945-7715"
"76";"American Economic Journal: Macroeconomics";"2014-01-01";"10.1257/mac.6.1.102";"1";"Wage Rigidity and Disinflation in Emerging Countries";"6";"Anna";"Sanz-de-Galdeano";"additional";"Center for Research in Health and Economics (CRES-UPF), Mercè Rodoreda Building, Ramon Trias Fargas, 25-27, 08005, Barcelona, Spain, and World Bank and IZA (e-mail: )";NA;NA;NA;NA;"1945-7715"
"77";"American Economic Journal: Macroeconomics";"2018-04-01";"10.1257/mac.20140075";"2";"Entry and Exit, Multiproduct Firms, and Allocative Distortions";"10";"Roberto N. Fattal";"Jaef";"first";"The World Bank, Development Research Group, Macroeconomics and Growth Division, 1818 H Street NW MC 3-353, Washington, DC 20433";NA;NA;NA;NA;"1945-7715"
"78";"American Economic Journal: Microeconomics";"2016-02-01";"10.1257/mic.20140103";"1";"A Theory of Rational Demand for Index Insurance";"8";"Daniel J.";"Clarke";"first";"World Bank, 2121 Pennsylvania Avenue, N.W. Washington, DC 20433 (e-mail: )";NA;NA;NA;NA;"1945-7685"
"79";"American Economic Journal: Microeconomics";"2022-02-01";"10.1257/mic.20190166";"1";"Relationships on the Rocks: Contract Evolution in a Market for Ice";"14";"Tristan";"Reed";"additional";"Development Research Group, World Bank";NA;NA;NA;NA;"1945-7685"
"80";"American Economic Review";"2017-02-01";"10.1257/aer.20150314";"2";"Misallocation and the Distribution of Global Volatility";"107";"Maya";"Eden";"first";"World Bank, 1818 H Street NW, Washington, DC 20433 (e-mail: )";NA;NA;NA;NA;"0002-8282"
"81";"American Economic Review";"2008-04-01";"10.1257/aer.98.2.457";"2";"Firm-Level Heterogeneous Productivity and Demand Shocks: Evidence from Bangladesh";"98";"Hiau Looi";"Kee";"first";"World Bank, Development Research Group-Trade, 1818 H Street, NW (MSN MC3-303), Washington, DC 20433.";NA;NA;NA;NA;"0002-8282"
"82";"American Economic Review";"2010-05-01";"10.1257/aer.100.2.614";"2";"Wage Subsidies for Microenterprises";"100";"David";"McKenzie";"additional";"Development Research Group, World Bank, 1818 H Street N.W., Washington, D.C. 20433.";NA;NA;NA;NA;"0002-8282"
"83";"American Economic Review";"2010-09-01";"10.1257/aer.100.4.1804";"4";"<i>Watta Satta</i>: Bride Exchange and Women's Welfare in Rural Pakistan";"100";"Hanan G";"Jacoby";"first";"Development Research Group, The World Bank, 1818 H St. NW, Washington, DC 20433.";NA;NA;NA;NA;"0002-8282"
"84";"American Economic Review";"2010-09-01";"10.1257/aer.100.4.1804";"4";"<i>Watta Satta</i>: Bride Exchange and Women's Welfare in Rural Pakistan";"100";"Ghazala";"Mansuri";"additional";"Development Research Group, The World Bank, 1818 H St. NW, Washington, DC 20433.";NA;NA;NA;NA;"0002-8282"
"85";"American Economic Review";"2017-04-01";"10.1257/aer.20150503";"4";"Reducing Crime and Violence: Experimental Evidence from Cognitive Behavioral Therapy in Liberia";"107";"Julian C.";"Jamison";"additional";"The World Bank Global Insights Initiative, MC4-404, 1818 H Street NW, Washington, DC 20433 (e-mail: )";NA;NA;NA;NA;"0002-8282"
"86";"American Economic Review";"2021-07-01";"10.1257/aer.20191972";"7";"Recruitment, Effort, and Retention Effects of Performance Contracts for Civil Servants: Experimental Evidence from Rwandan Primary Schools";"111";"Owen";"Ozier";"additional";"Department of Economics, Williams College, World Bank Development Research Group, BREAD, and IZA";NA;NA;NA;NA;"0002-8282"
"87";"American Economic Review";"2013-05-01";"10.1257/aer.103.3.362";"3";"Behavioral Biases and Firm Behavior: Evidence from Kenyan Retail Shops";"103";"Jean";"Lee";"additional";"The World Bank, 1818 H St. NW, Washington, DC 20433.";NA;NA;NA;NA;"0002-8282"
"88";"American Economic Review";"2017-06-01";"10.1257/aer.20140774";"6";"Report Cards: The Impact of Providing School and Child Test Scores on Educational Markets";"107";"Jishnu";"Das";"additional";"Development Research Group, World Bank, 1818 H Street NW, Washington, DC 20433 (e-mail: )";NA;NA;NA;NA;"0002-8282"
"89";"American Economic Review";"2021-05-01";"10.1257/aer.20190240";"5";"Cross-Region Transfer Multipliers in a Monetary Union: Evidence from Social Security and Stimulus Payments";"111";"Steven";"Pennings";"first";"World Bank";NA;NA;NA;NA;"0002-8282"
"90";"American Economic Review";"2010-05-01";"10.1257/aer.100.2.619";"2";"Why Do Firms in Developing Countries Have Low Productivity?";"100";"David";"McKenzie";"additional";"Development Research Group, World Bank, 1818 H Street N.W., Washington DC 20433.";NA;NA;NA;NA;"0002-8282"
"91";"American Economic Review";"2016-12-01";"10.1257/aer.20151138";"12";"Quality and Accountability in Health Care Delivery: Audit-Study Evidence from Primary Care in India";"106";"Jishnu";"Das";"first";"The World Bank Group, 1818 H Street NW, Washington, DC 20433 (e-mail: )";NA;NA;NA;NA;"0002-8282"
"92";"American Economic Review";"2016-12-01";"10.1257/aer.20151138";"12";"Quality and Accountability in Health Care Delivery: Audit-Study Evidence from Primary Care in India";"106";"Alaka";"Holla";"additional";"The World Bank Group, 1818 H Street NW, Washington, DC 20433 (e-mail: )";NA;NA;NA;NA;"0002-8282"
"93";"American Economic Review";"2021-12-01";"10.1257/aer.20181801";"12";"Prep School for Poor Kids: The Long-Run Impacts of Head Start on Human Capital and Economic Self-Sufficiency";"111";"Shuqiao";"Sun";"additional";"The World Bank";NA;NA;NA;NA;"0002-8282"
"94";"American Economic Review";"2000-03-01";"10.1257/aer.90.1.147";"1";"Liberalization, Moral Hazard in Banking, and Prudential Regulation: Are Capital Requirements Enough?";"90";"Joseph E";"Stiglitz";"additional";"The World Bank, 1818 H Street, NW, Washington, DC 20433, and Department of Economics, Stanford University, Stanford, CA 94305.";NA;NA;NA;NA;"0002-8282"
"95";"American Economic Review";"2012-02-01";"10.1257/aer.102.1.504";"1";"Why Don't We See Poverty Convergence?";"102";"Martin";"Ravallion";"first";"Development Research Group, World Bank, 1818 H Street NW, Washington, DC 20433.";NA;NA;NA;NA;"0002-8282"
"96";"American Economic Review";"2022-11-01";"10.1257/aer.20211616";"11";"The Psychosocial Value of Employment: Evidence from a Refugee Camp";"112";"Erin M.";"Kelley";"additional";"Development Impact Evaluation Department, World Bank";NA;NA;NA;NA;"0002-8282"
"97";"American Economic Review";"2017-10-01";"10.1257/aer.20141070";"10";"Exporter Dynamics and Partial-Year Effects";"107";"Renzo";"Massari";"additional";"World Bank, 1818 H Street NW, Washington, DC 20433";NA;NA;NA;NA;"0002-8282"
"98";"American Economic Review";"2017-10-01";"10.1257/aer.20141070";"10";"Exporter Dynamics and Partial-Year Effects";"107";"Jose-Daniel";"Reyes";"additional";"World Bank, 1818 H Street NW, Washington, DC 20433";NA;NA;NA;NA;"0002-8282"
"99";"American Economic Review";"2017-10-01";"10.1257/aer.20141070";"10";"Exporter Dynamics and Partial-Year Effects";"107";"Daria";"Taglioni";"additional";"World Bank, 1818 H Street NW, Washington, DC 20433";NA;NA;NA;NA;"0002-8282"
"100";"American Economic Review";"2006-04-01";"10.1257/000282806777212611";"2";"Discrimination, Social Identity, and Durable Inequalities";"96";"Karla";"Hoff";"first";"World Bank, 1818 H St., N.W., Washington, DC 20433.";NA;NA;NA;NA;"0002-8282"
"101";"American Economic Review";"2006-04-01";"10.1257/000282806777212611";"2";"Discrimination, Social Identity, and Durable Inequalities";"96";"Priyanka";"Pandey";"additional";"World Bank, 1818 H St., N.W., Washington, DC 20433.";NA;NA;NA;NA;"0002-8282"
"102";"American Economic Review";"2017-08-01";"10.1257/aer.20151404";"8";"Identifying and Spurring High-Growth Entrepreneurship: Experimental Evidence from a Business Plan Competition";"107";"David";"McKenzie";"first";"Development Research Group, the World Bank, MSN MC3-307, 1818 H Street NW, Washington, DC 20433";NA;NA;NA;NA;"0002-8282"
"103";"American Economic Review";"2007-04-01";"10.1257/aer.97.2.316";"2";"Aid Effectiveness—Opening the Black Box";"97";"François";"Bourguignon";"first";"Chief Economist and Senior Vice President of the World Bank.";NA;NA;NA;NA;"0002-8282"
"104";"American Economic Review";"2007-04-01";"10.1257/aer.97.2.316";"2";"Aid Effectiveness—Opening the Black Box";"97";"Mark";"Sundberg";"additional";"Lead Economist, World Bank.";NA;NA;NA;NA;"0002-8282"
"105";"American Economic Review";"2006-04-01";"10.1257/000282806777212387";"2";"Who Are China's Entrepreneurs?";"96";"Simeon";"Djankov";"first";"The World Bank, 1818 H Street, NW, Washington, DC 20433.";NA;NA;NA;NA;"0002-8282"
"106";"American Economic Review";"2022-04-01";"10.1257/aer.20200738";"4";"Public Procurement in Law and Practice";"112";"Erica";"Bosio";"first";"World Bank";NA;NA;NA;NA;"0002-8282"
"107";"American Economic Review";"2002-08-01";"10.1257/00028280260344588";"4";"Terror as a Bargaining Instrument: A Case Study of Dowry Violence in Rural India";"92";"Vijayendra";"Rao";"additional";"Development Research Group, The World Bank, 1818 H Street N.W., Washington, DC 20433.";NA;NA;NA;NA;"0002-8282"
"108";"American Economic Review";"2017-05-01";"10.1257/aer.p20171053";"5";"Heat Exposure and Youth Migration in Central America and the Caribbean";"107";"Javier";"Baez";"first";"World Bank, 1818 H Street, NW, Washington, DC 20433 (e-mail: )";NA;NA;NA;NA;"0002-8282"
"109";"American Economic Review";"2017-05-01";"10.1257/aer.p20171053";"5";"Heat Exposure and Youth Migration in Central America and the Caribbean";"107";"German";"Caruso";"additional";"World Bank, 1818 H Street, NW, Washington, DC 20433 (e-mail: )";NA;NA;NA;NA;"0002-8282"
"110";"American Economic Review";"2013-04-01";"10.1257/aer.103.2.1071";"2";"Self-Enforcing Trade Agreements: Evidence from Time-Varying Trade Policy";"103";"Chad P";"Bown";"first";"The World Bank, Development Research Group, Trade and International Integration, 1818 H Street NW, Mailstop: MC3-303, Washington, DC 20433.";NA;NA;NA;NA;"0002-8282"
"111";"American Economic Review";"2017-08-01";"10.1257/aer.20150592";"8";"Hayek, Local Information, and Commanding Heights: Decentralizing State-Owned Enterprises in China";"107";"Lixin Colin";"Xu";"additional";"World Bank, the Research Group, 1818 H Street, NW, Washington, DC 20433";NA;NA;NA;NA;"0002-8282"
"112";"American Economic Review";"2003-04-01";"10.1257/000282803321946787";"2";"The Future of the IMF and World Bank: Panel Discussion";"93";"Nicholas";"Stern";"additional";"World Bank, Washington, DC 20433-0001.";NA;NA;NA;NA;"0002-8282"
"113";"American Economic Review";"2008-08-01";"10.1257/aer.98.4.1675";"4";"Trade Policy and Loss Aversion";"98";"Caroline";"Freund";"first";"World Bank, DECRG, World Bank Mailstop MC3-301, 1818 H Street NW, Washington, DC 20433.";NA;NA;NA;NA;"0002-8282"
"114";"American Economic Review";"2008-08-01";"10.1257/aer.98.4.1675";"4";"Trade Policy and Loss Aversion";"98";"Çağlar";"Özden";"additional";"World Bank, DECRG, World Bank Mailstop MC3-301, 1818 H Street NW, Washington, DC 20433.";NA;NA;NA;NA;"0002-8282"
"115";"American Economic Review";"2008-04-01";"10.1257/aer.98.2.494";"2";"Spite and Development";"98";"Karla";"Hoff";"additional";"World Bank, 1818 H Street, NW, Washington, DC 20433.";NA;NA;NA;NA;"0002-8282"
"116";"American Economic Review";"2021-06-01";"10.1257/aer.20190586";"6";"The Selection of Talent: Experimental and Structural Evidence from Ethiopia";"111";"Girum";"Abebe";"first";"World Bank";NA;NA;NA;NA;"0002-8282"
"117";"American Economic Review";"2012-05-01";"10.1257/aer.102.3.555";"3";"Love and Money by Parental Matchmaking: Evidence from Urban Couples in China";"102";"Lixin Colin";"Xu";"additional";"World Bank, 1818 H Street, NW, Washington, DC 20433.";NA;NA;NA;NA;"0002-8282"
"118";"American Economic Review";"2002-11-01";"10.1257/000282802762024575";"5";"Hazards of Expropriation: Tenure Insecurity and Investment in Rural China";"92";"Hanan G";"Jacoby";"first";"The World Bank, 1818 H Street NW, Washington, DC 20433.";NA;NA;NA;NA;"0002-8282"
"119";"American Economic Review";"2002-11-01";"10.1257/000282802762024575";"5";"Hazards of Expropriation: Tenure Insecurity and Investment in Rural China";"92";"Guo";"Li";"additional";"The World Bank, 1818 H Street NW, Washington, DC 20433.";NA;NA;NA;NA;"0002-8282"
"120";"American Economic Review";"2016-01-01";"10.1257/aer.20141301";"1";"The Market Impacts of Pharmaceutical Product Patents in Developing Countries: Evidence from India";"106";"Aparajita";"Goyal";"additional";"The World Bank, 1818 H Street, NW, Washington, DC 20433 (e-mail: )";NA;NA;NA;NA;"0002-8282"
"121";"American Economic Review";"2012-12-01";"10.1257/aer.102.7.3406";"7";"Exports, Export Destinations, and Skills";"102";"Daniel";"Lederman";"additional";"The World Bank, 1818 H St. NW, Washington, DC 20433.";NA;NA;NA;NA;"0002-8282"
"122";"American Economic Review";"2005-08-01";"10.1257/0002828054825682";"4";"Homeownership, Community Interactions, and Segregation";"95";"Karla";"Hoff";"first";"The World Bank, Washington, DC 20433.";NA;NA;NA;NA;"0002-8282"
"123";"American Economic Review";"2013-05-01";"10.1257/aer.103.3.263";"3";"Is Ignorance Bliss? The Effect of Asymmetric Information between Spouses on Intra-Household Allocations";"103";"Thomas";"Walker";"additional";"The World Bank, 1818 H Street, NW, Washington, DC 20433.";NA;NA;NA;NA;"0002-8282"
"124";"American Economic Review";"2014-05-01";"10.1257/aer.104.5.354";"5";"Labor Supply and Household Dynamics";"104";"Claudia";"Ruiz";"additional";"World Bank, 1818 H St. N.W., Room MC3-650, Washington, DC 20433 (e-mail: )";NA;NA;NA;NA;"0002-8282"
"125";"American Economic Review";"2008-08-01";"10.1257/aer.98.4.1722";"4";"A Note on Different Approaches to Index Number Theory";"98";"Roy";"van der Weide";"additional";"Poverty Research Group, the World Bank, 1818 H St., NW, Washington, DC 20433 and Universiteit van Amsterdam.";NA;NA;NA;NA;"0002-8282"
"126";"American Economic Review";"2016-06-01";"10.1257/aer.20131455";"6";"The Demand for Energy-Using Assets among the World's Rising Middle Classes";"106";"Alan";"Fuchs";"additional";"The World Bank, Poverty and Equity Global Practice, 1818 H Street, NW I 4-405, Washington, DC 20433 (e-mail: )";NA;NA;NA;NA;"0002-8282"
"127";"American Economic Review";"2010-03-01";"10.1257/aer.100.1.247";"1";"Multinationals and Anti-Sweatshop Activism";"100";"Ann";"Harrison";"first";"Development Research Group, World Bank and Department of Agricultural and Resource Economics, University of California, Berkeley, 329 Giannini Hall, Berkeley, CA 94720.";NA;NA;NA;NA;"0002-8282"
"128";"American Economic Review";"2022-07-01";"10.1257/aer.20210059";"7";"Factor Market Failures and the Adoption of Irrigation in Rwanda";"112";"Maria";"Jones";"first";"Development Impact Evaluation, World Bank";NA;NA;NA;NA;"0002-8282"
"129";"American Economic Review";"2022-07-01";"10.1257/aer.20210059";"7";"Factor Market Failures and the Adoption of Irrigation in Rwanda";"112";"Florence";"Kondylis";"additional";"Development Impact Evaluation, World Bank";NA;NA;NA;NA;"0002-8282"
"130";"American Economic Review";"2022-07-01";"10.1257/aer.20210059";"7";"Factor Market Failures and the Adoption of Irrigation in Rwanda";"112";"John";"Loeser";"additional";"Development Impact Evaluation, World Bank";NA;NA;NA;NA;"0002-8282"
"131";"American Economic Review";"2016-06-01";"10.1257/aer.20131687";"6";"Domestic Value Added in Exports: Theory and Firm Evidence from China";"106";"Hiau Looi";"Kee";"first";"Development Research Group, The World Bank, 1818 H Street NW, Washington, DC 20433 (e-mail: )";NA;NA;NA;NA;"0002-8282"
"132";"American Economic Review";"2016-07-01";"10.1257/aer.20140705";"7";"Network Structure and the Aggregation of Information: Theory and Evidence from Indonesia";"106";"Vivi";"Alatas";"first";"World Bank, World Bank Office Jakarta Indonesia Stock Exchange (IDX) Tower 2 JL. Jendral Sudirman, Kebayoran Baru 12190 Jakarta Selatan Indonesia (e-mail: )";NA;NA;NA;NA;"0002-8282"
"133";"American Economic Review";"2002-08-01";"10.1257/00028280260344443";"4";"Inequality Among World Citizens: 1820–1992";"92";"François";"Bourguignon";"first";"Delta, 48 Boulevard Jourdan, 75014 Paris, France and World Bank.";NA;NA;NA;NA;"0002-8282"
"134";"American Economic Review";"2005-05-01";"10.1257/0002828054201468";"3";"Ethnic Polarization, Potential Conflict, and Civil Wars";"95";"Marta";"Reynal-Querol";"additional";"The World Bank, 1818 H Street, NW, Washington, DC 20433.";NA;NA;NA;NA;"0002-8282"
"135";"American Economic Review";"2004-04-01";"10.1257/0002828041301524";"2";"On the Measurement of Product Variety in Trade";"94";"Hiau Looi";"Kee";"additional";"Development Research Group-Trade, World Bank, 1818 H Street, N.W., Washington, DC 20433.";NA;NA;NA;NA;"0002-8282"
"136";"American Economic Review";"2004-05-01";"10.1257/0002828041464605";"3";"Does Foreign Direct Investment Increase the Productivity of Domestic Firms? In Search of Spillovers Through Backward Linkages";"94";"Beata Smarzynska";"Javorcik";"first";"The World Bank, MSN MC3–303, 1818 H Street, NW, Washington, DC 20433.";NA;NA;NA;NA;"0002-8282"
"137";"American Economic Review";"2015-05-01";"10.1257/aer.p20151003";"5";"The Impact of Ethnic Diversity in Bureaucracies: Evidence from the Nigerian Civil Service";"105";"Daniel";"Rogger";"additional";"World Bank, Washington, DC 20433 (e-mail: )";NA;NA;NA;NA;"0002-8282"
"138";"American Economic Review";"2010-05-01";"10.1257/aer.100.2.141";"2";"Equilibrium Fictions: A Cognitive Approach to Societal Rigidity";"100";"Karla";"Hoff";"first";"Development Research Group, World Bank, 1818 H St. NW, Washington, DC 20433.";NA;NA;NA;NA;"0002-8282"
"139";"American Economic Review";"2010-05-01";"10.1257/aer.100.2.629";"2";"What Capital is Missing in Developing Countries?";"100";"Miriam";"Bruhn";"first";"Development Research Group, The World Bank, 1818 H Street N.W., Washington, DC 20433.";NA;NA;NA;NA;"0002-8282"
"140";"American Economic Review";"2012-10-01";"10.1257/aer.102.6.2923";"6";"Credit Market Consequences of Improved Personal Identification: Field Experimental Evidence from Malawi";"102";"Xavier";"Giné";"first";"Development Economics Research Group, World Bank, and Bureau for Research and Economic Analysis of Development, 1818 H Street NW, Mail Stop MC 3–307, Washington, DC 20433.";NA;NA;NA;NA;"0002-8282"
"141";"American Economic Review";"2004-05-01";"10.1257/0002828041464533";"3";"After the Big Bang? Obstacles to the Emergence of the Rule of Law in Post-Communist Societies";"94";"Karla";"Hoff";"first";"World Bank, 1818 H Street NW, Washington, DC 20433.";NA;NA;NA;NA;"0002-8282"
"142";"American Economic Review";"2012-06-01";"10.1257/aer.102.4.1206";"4";"Targeting the Poor: Evidence from a Field Experiment in Indonesia";"102";"Vivi";"Alatas";"first";"World Bank, Jakarta Stock Exchange Building, Tower 2, 12th and 13th Floor, Jakarta, Indonesia.";NA;NA;NA;NA;"0002-8282"
"143";"American Economic Review";"2015-05-01";"10.1257/aer.p20151120";"5";"Can Alcohol Prohibition Reduce Violence Against Women?";"105";"Gunjan";"Sharma";"additional";"World Bank, 1818 H Street NW, Washington, DC 20433 (e-mail: )";NA;NA;NA;NA;"0002-8282"
"144";"American Economic Review";"2014-05-01";"10.1257/aer.104.5.284";"5";"Dynamics of Demand for Index Insurance: Evidence from a Long-Run Field Experiment";"104";"Daniel";"Stein";"additional";"The World Bank, 1818 H Street NW, Washington, DC 20433 (e-mail: )";NA;NA;NA;NA;"0002-8282"
"145";"American Economic Review";"2006-11-01";"10.1257/aer.96.5.1477";"5";"Estimating the Effects of Global Patent Protection in Pharmaceuticals: A Case Study of Quinolones in India";"96";"Shubham";"Chaudhuri";"first";"World Bank, 1818 H Street, NW, Washington, DC 20433.";NA;NA;NA;NA;"0002-8282"
"146";"American Economic Review";"2004-05-01";"10.1257/0002828041464524";"3";"Aid, Policies, and Growth: Reply";"94";"David";"Dollar";"additional";"World Bank, 1818 H Street NW, Washington, DC 20433.";NA;NA;NA;NA;"0002-8282"
"147";"American Economic Review";"2002-11-01";"10.1257/000282802762024629";"5";"Vouchers for Private Schooling in Colombia: Evidence from a Randomized Natural Experiment";"92";"Elizabeth";"King";"additional";"Development Research Group, The World Bank, 1818 H Street NW, Washington, DC 20433.";NA;NA;NA;NA;"0002-8282"
"148";"American Economic Review";"2022-11-01";"10.1257/aer.20200961";"11";"Job Search and Hiring with Limited Information about Workseekers’ Skills";"112";"Eliana";"Carranza";"first";"World Bank";NA;NA;NA;NA;"0002-8282"
"149";"American Economic Review";"2010-06-01";"10.1257/aer.100.3.1008";"3";"Trade Shocks and Labor Adjustment: A Structural Empirical Approach";"100";"Shubham";"Chaudhuri";"additional";"East Asia and Pacific Poverty Reduction and Economic Management Department, The World Bank, 1818 H Street, NW, Washington, DC 20433.";NA;NA;NA;NA;"0002-8282"
"150";"American Economic Review";"2018-02-01";"10.1257/aer.20140647";"2";"Export Destinations and Input Prices";"108";"Paulo";"Bastos";"first";"The World Bank, 1818 H Street NW, Mail Stop MC3-303, Washington, DC";NA;NA;NA;NA;"0002-8282"
"151";"American Economic Review";"2018-02-01";"10.1257/aer.20140647";"2";"Export Destinations and Input Prices";"108";"Joana";"Silva";"additional";"The World Bank, 1818 H Street NW, Mail Stop I9-900, Washington, DC";NA;NA;NA;NA;"0002-8282"
"152";"American Economic Review";"2014-05-01";"10.1257/aer.104.5.586";"5";"Why Are Power Plants in India Less Efficient than Power Plants in the United States?";"104";"Kabir";"Malik";"additional";"World Bank, 1818 H Street, Washington, DC 20433 (e-mail: )";NA;NA;NA;NA;"0002-8282"
"153";"The Quarterly Journal of Economics";"2018-05-01";"10.1093/qje/qjx040";"2";"Double for Nothing? Experimental Evidence on an Unconditional Teacher Salary Increase in Indonesia*";"133";"Joppe";"de Ree";"first";"World Bank";NA;NA;NA;NA;"0033-5533"
"154";"The Quarterly Journal of Economics";"2018-05-01";"10.1093/qje/qjx040";"2";"Double for Nothing? Experimental Evidence on an Unconditional Teacher Salary Increase in Indonesia*";"133";"Halsey";"Rogers";"additional";"World Bank";NA;NA;NA;NA;"0033-5533"
"155";"The Quarterly Journal of Economics";"2022-09-20";"10.1093/qje/qjac020";"4";"Valuing the Global Mortality Consequences of Climate Change Accounting for Adaptation Costs and Benefits";"137";"Hee Kwon";"Seo";"additional";"World Bank , United States";NA;NA;NA;NA;"0033-5533"
"156";"The Quarterly Journal of Economics";"2020-02-01";"10.1093/qje/qjz036";"1";"The Return to Protectionism*";"135";"Pinelopi K";"Goldberg";"first";"Yale University, National Bureau of Economic Research, (on leave) and World Bank Group";NA;NA;NA;NA;"0033-5533"
"157";"The Quarterly Journal of Economics";"2018-08-01";"10.1093/qje/qjx048";"3";"Status Goods: Experimental Evidence from Platinum Credit Cards*";"133";"Martin";"Kanz";"additional";"World Bank and Centre for Economic Policy Research";NA;NA;NA;NA;"0033-5533"
"158";"The Quarterly Journal of Economics";"2022-12-15";"10.1093/qje/qjac032";"1";"Corruption in Customs";"138";"Ana M";"Fernandes";"additional";"World Bank , USA";NA;NA;NA;NA;"0033-5533"
"159";"The Quarterly Journal of Economics";"2022-12-15";"10.1093/qje/qjac032";"1";"Corruption in Customs";"138";"Gael";"Raballand";"additional";"World Bank, USA, and Université Clermont Auvergne, Centre National de la Recherche Scientifique, and Centre d'Études et de Recherches sur le Développement International Clermont-Ferrand , France";NA;NA;NA;NA;"0033-5533"
"160";"The Quarterly Journal of Economics";"2022-12-15";"10.1093/qje/qjac032";"1";"Corruption in Customs";"138";"Bob";"Rijkers";"additional";"World Bank, USA, and Utrecht University , the Netherlands";NA;NA;NA;NA;"0033-5533"
"161";"The Review of Economic Studies";"2021-05-22";"10.1093/restud/rdaa057";"3";"Anonymity or Distance? Job Search and Labour Market Exclusion in a Growing African City";"88";"Girum";"Abebe";"first";"Africa Region Gender Innovation Lab (GIL), The World Bank";NA;NA;NA;NA;"0034-6527"
"162";"The Review of Economic Studies";"2022-01-10";"10.1093/restud/rdab005";"1";"Improving Management with Individual and Group-Based Consulting: Results from a Randomized Experiment in Colombia";"89";"Leonardo";"Iacovone";"first";"World Bank";NA;NA;NA;NA;"0034-6527"
"163";"The Review of Economic Studies";"2022-01-10";"10.1093/restud/rdab005";"1";"Improving Management with Individual and Group-Based Consulting: Results from a Randomized Experiment in Colombia";"89";"William";"Maloney";"additional";"World Bank";NA;NA;NA;NA;"0034-6527"
"164";"The Review of Economic Studies";"2022-01-10";"10.1093/restud/rdab005";"1";"Improving Management with Individual and Group-Based Consulting: Results from a Randomized Experiment in Colombia";"89";"David";"McKenzie";"additional";"World Bank";NA;NA;NA;NA;"0034-6527"
"165";"The Economic Journal";"2011-11-01";"10.1111/j.1468-0297.2011.02476.x";"556";"Caste and Punishment: The Legacy of Caste Culture in Norm Enforcement";"121";"Karla";"Hoff";"first";"The World Bank";NA;NA;NA;NA;"0013-0133"
"166";"The Economic Journal";"2004-06-01";"10.1111/j.1468-0297.2004.00221.x";"496";"Development Effectiveness: What have We Learnt?";"114";"Paul";"Collier";"first";"Oxford University and the World Bank";NA;NA;NA;NA;"0013-0133"
"167";"The Economic Journal";"2004-06-01";"10.1111/j.1468-0297.2004.00221.x";"496";"Development Effectiveness: What have We Learnt?";"114";"David";"Dollar";"additional";"Oxford University and the World Bank";NA;NA;NA;NA;"0013-0133"
"168";"The Economic Journal";"2012-03-01";"10.1111/j.1468-0297.2011.02475.x";"559";"Enterprise Recovery Following Natural Disasters";"122";"David";"McKenzie";"additional";"World Bank";NA;NA;NA;NA;"0013-0133"
"169";"The Economic Journal";"2011-12-01";"10.1111/j.1468-0297.2011.02452.x";"557";"Did Higher Inequality Impede Growth in Rural China?";"121";"John";"Giles";"additional";"The World Bank";NA;NA;NA;NA;"0013-0133"
"170";"The Economic Journal";"2012-05-01";"10.1111/j.1468-0297.2012.02498.x";"560";"The Economic Consequences of ‘Brain Drain’ of the Best and Brightest: Microeconomic Evidence from Five Countries";"122";"John";"Gibson";"first";"University of Waikato  World Bank";NA;NA;NA;NA;"0013-0133"
"171";"The Economic Journal";"2012-05-01";"10.1111/j.1468-0297.2012.02498.x";"560";"The Economic Consequences of ‘Brain Drain’ of the Best and Brightest: Microeconomic Evidence from Five Countries";"122";"David";"McKenzie";"additional";"University of Waikato  World Bank";NA;NA;NA;NA;"0013-0133"
"172";"The Economic Journal";"2011-03-01";"10.1111/j.1468-0297.2010.02403.x";"551";"Pre‐Industrial Inequality";"121";"Branko";"Milanovic";"first";"World Bank and University of Maryland";NA;NA;NA;NA;"0013-0133"
"173";"The Economic Journal";"2004-02-01";"10.1111/j.0013-0133.2004.00186.x";"493";"Trade, Growth, and Poverty";"114";"David";"Dollar";"first";"The World Bank";NA;NA;NA;NA;"0013-0133"
"174";"The Economic Journal";"2004-02-01";"10.1111/j.0013-0133.2004.00186.x";"493";"Trade, Growth, and Poverty";"114";"Aart";"Kraay";"additional";"The World Bank";NA;NA;NA;NA;"0013-0133"
"175";"The Economic Journal";"2007-02-01";"10.1111/j.1468-0297.2007.02017.x";"517";"Financial performance and Outreach: A Global Analysis of Leading Microbanks";"117";"Robert";"Cull";"first";"World Bank";NA;NA;NA;NA;"0013-0133"
"176";"The Economic Journal";"2007-02-01";"10.1111/j.1468-0297.2007.02017.x";"517";"Financial performance and Outreach: A Global Analysis of Leading Microbanks";"117";"Asli";"Demirgu¨ç‐Kunt";"additional";"World Bank";NA;NA;NA;NA;"0013-0133"
"177";"The Economic Journal";"2000-10-01";"10.1111/1468-0297.00569";"466";"What Explains the Success or Failure of Structural Adjustment Programmes?";"110";"David";"Dollar";"first";"The World Bank";NA;NA;NA;NA;"0013-0133"
"178";"The Economic Journal";"2000-10-01";"10.1111/1468-0297.00569";"466";"What Explains the Success or Failure of Structural Adjustment Programmes?";"110";"Jakob";"Svensson";"additional";"The World Bank";NA;NA;NA;NA;"0013-0133"
"179";"The Economic Journal";"2023-01-13";"10.1093/ej/ueac058";"650";"Long-Term and Intergenerational Effects of Education: Evidence from School Construction in Indonesia";"133";"Daniel";"Halim";"additional";"World Bank , USA";NA;NA;NA;NA;"0013-0133"
"180";"The Economic Journal";"2000-03-01";"10.1111/1468-0297.00527";"462";"Does Child Labour Displace Schooling? Evidence on Behavioural Responses to an Enrollment Subsidy";"110";"Martin";"Ravallion";"first";"The World Bank";NA;NA;NA;NA;"0013-0133"
"181";"The Economic Journal";"2000-03-01";"10.1111/1468-0297.00527";"462";"Does Child Labour Displace Schooling? Evidence on Behavioural Responses to an Enrollment Subsidy";"110";"Quentin";"Wodon";"additional";"The World Bank";NA;NA;NA;NA;"0013-0133"
"182";"The Economic Journal";"2019-01-01";"10.1111/ecoj.12594";"617";"Tackling Social Exclusion: Evidence from Chile";"129";"Emanuela";"Galasso";"additional";"World Bank";NA;NA;NA;NA;"0013-0133"
"183";"The Economic Journal";"2014-09";"10.1111/ecoj.12077";"579";"The Labour Market Effects of Immigration and Emigration in OECD Countries";"124";"Çağlar";"Ozden";"additional";"The World Bank";NA;NA;NA;NA;"0013-0133"
"184";"The Economic Journal";"2016-12";"10.1111/ecoj.12276";"598";"The Persistence of (Subnational) Fortune";"126";"William F.";"Maloney";"first";"Development Economics Research Group and Chief Economist for Trade and Competitiveness, The World Bank, and Universidad de los Andes";NA;NA;NA;NA;"0013-0133"
"185";"The Economic Journal";"2015-08-01";"10.1111/ecoj.12300";"586";"Sovereign Debt and Joint Liability: An Economic Theory Model for Amending the Treaty of Lisbon";"125";"Kaushik";"Basu";"first";"The World Bank and Cornell University";NA;NA;NA;NA;"0013-0133"
"186";"The Economic Journal";"2005-04-01";"10.1111/j.1468-0297.2005.00997.x";"503";"Cities and Specialisation: Evidence from South Asia";"115";"Forhad";"Shilpi";"additional";"The World Bank";NA;NA;NA;NA;"0013-0133"
"187";"The Economic Journal";"2003-04-01";"10.1111/1468-0297.00127";"487";"The simultaneous evolution of growth and inequality";"113";"Mattias";"Lundberg";"first";"The World Bank";NA;NA;NA;NA;"0013-0133"
"188";"The Economic Journal";"2003-04-01";"10.1111/1468-0297.00127";"487";"The simultaneous evolution of growth and inequality";"113";"Lyn";"Squire";"additional";"The World Bank";NA;NA;NA;NA;"0013-0133"
"189";"The Economic Journal";"2018-02";"10.1111/ecoj.12418";"608";"Management of Bureaucrats and Public Service Delivery: Evidence from the Nigerian Civil Service";"128";"Daniel";"Rogger";"additional";"World Bank Research Department";NA;NA;NA;NA;"0013-0133"
"190";"The Economic Journal";"2018-02";"10.1111/ecoj.12378";"608";"Revising Commitments: Field Evidence on the Adjustment of Prior Choices";"128";"Xavier";"Giné";"first";"World Bank and BREAD";NA;NA;NA;NA;"0013-0133"
"191";"The Economic Journal";"2014-05";"10.1111/ecoj.12145";"576";"Changing Households' Investment Behaviour through Social Interactions with Local Leaders: Evidence from a Randomised Transfer Programme";"124";"Renos";"Vakis";"additional";"The World Bank";NA;NA;NA;NA;"0013-0133"
"192";"The Economic Journal";"2001-03-01";"10.1111/1468-0297.00609";"470";"Trust and Growth";"111";"Stephen";"Knack";"additional";"The World Bank";NA;NA;NA;NA;"0013-0133"
"193";"The Economic Journal";"2022-09-19";"10.1093/ej/ueac018";"647";"Transfers, Diversification and Household Risk Strategies: Can Productive Safety Nets Help Households Manage Climatic Variability?";"132";"Patrick";"Premand";"additional";"The World Bank , USA";NA;NA;NA;NA;"0013-0133"
"194";"The Economic Journal";"2022-09-19";"10.1093/ej/ueac018";"647";"Transfers, Diversification and Household Risk Strategies: Can Productive Safety Nets Help Households Manage Climatic Variability?";"132";"Renos";"Vakis";"additional";"The World Bank , USA";NA;NA;NA;NA;"0013-0133"
"195";"The Economic Journal";"2021-11-08";"10.1093/ej/ueab023";"640";"Does Democratisation Promote Competition? Evidence from Indonesia*";"131";"Mary";"Hallward-Driemeier";"first";"World Bank, USA";NA;NA;NA;NA;"0013-0133"
"196";"The Economic Journal";"2021-11-08";"10.1093/ej/ueab023";"640";"Does Democratisation Promote Competition? Evidence from Indonesia*";"131";"Bob";"Rijkers";"additional";"World Bank, USA";NA;NA;NA;NA;"0013-0133"
"197";"The Economic Journal";"2000-03-01";"10.1111/1468-0297.00520";"462";"The Intriguing Relation Between Adult Minimum Wage and Child Labour";"110";"Kaushik";"Basu";"first";"Cornell University and The World Bank";NA;NA;NA;NA;"0013-0133"
"198";"The Economic Journal";"2020-10-16";"10.1093/ej/ueaa022";"631";"Education Quality and Teaching Practices";"130";"Marina";"Bassi";"first";"World Bank";NA;NA;NA;NA;"0013-0133"
"199";"The Economic Journal";"2016-03";"10.1111/ecoj.12207";"591";"Highway to Success: The Impact of the Golden Quadrilateral Project for the Location and Performance of Indian Manufacturing";"126";"Ejaz";"Ghani";"first";"World Bank";NA;NA;NA;NA;"0013-0133"
"200";"The Economic Journal";"2016-03";"10.1111/ecoj.12207";"591";"Highway to Success: The Impact of the Golden Quadrilateral Project for the Location and Performance of Indian Manufacturing";"126";"Arti Grover";"Goswami";"additional";"World Bank";NA;NA;NA;NA;"0013-0133"
"201";"The Economic Journal";"2016-09";"10.1111/ecoj.12214";"595";"Wage Adjustment and Productivity Shocks";"126";"Julián";"Messina";"additional";"Office of the Chief Economist for Latin America and the Caribbean; World Bank";NA;NA;NA;NA;"0013-0133"
"202";"The Economic Journal";"2007-04-01";"10.1111/j.1468-0297.2007.02053.x";"520";"Home Grown or Imported? Initial Conditions, External Anchors and the Determinants of Institutional Reform in the Transition Economies";"117";"Martin";"Raiser";"additional";"World Bank";NA;NA;NA;NA;"0013-0133"
"203";"The Economic Journal";"2019-01-01";"10.1111/ecoj.12533";"617";"Public-sector Employment in an Equilibrium Search and Matching Model";"129";"Monica";"Robayo-Abril";"additional";"The World Bank Georgetown University, IZA";NA;NA;NA;NA;"0013-0133"
"204";"The Economic Journal";"2009-01-01";"10.1111/j.1468-0297.2008.02209.x";"534";"Estimating Trade Restrictiveness Indices";"119";"Hiau";"Looi Kee";"first";"The World Bank";NA;NA;NA;NA;"0013-0133"
"205";"The Economic Journal";"2009-01-01";"10.1111/j.1468-0297.2008.02209.x";"534";"Estimating Trade Restrictiveness Indices";"119";"Alessandro";"Nicita";"additional";"The World Bank and UNCTAD";NA;NA;NA;NA;"0013-0133"
"206";"The Economic Journal";"2016-02-01";"10.1111/ecoj.12206";"590";"Services Reform and Manufacturing Performance: Evidence from India";"126";"Aaditya";"Mattoo";"additional";"World Bank";NA;NA;NA;NA;"0013-0133"
"207";"The Economic Journal";"2018-07-01";"10.1111/ecoj.12456";"612";"Transit Migration: All Roads Lead to America";"128";"Erhan";"Artuc";"first";"World Bank, Development Research Group";NA;NA;NA;NA;"0013-0133"
"208";"The Economic Journal";"2018-07-01";"10.1111/ecoj.12456";"612";"Transit Migration: All Roads Lead to America";"128";"Caglar";"Ozden";"additional";"World Bank, Development Research Group";NA;NA;NA;NA;"0013-0133"
"209";"The Economic Journal";"2011-11-01";"10.1111/j.1468-0297.2011.02478.x";"556";"Introduction: Tastes, Castes and Culture: The Influence of Society on Preferences";"121";"Karla";"Hoff";"additional";"World Bank";NA;NA;NA;NA;"0013-0133"
"210";"The Economic Journal";"2005-04-01";"10.1111/j.1468-0297.2005.00992.x";"503";"Sargent‐Wallace Meets Krugman‐Flood‐Garber, or: Why Sovereign Debt Swaps do not Avert Macroeconomic Crises";"115";"Brian";"Pinto";"additional";"World Bank";NA;NA;NA;NA;"0013-0133"
"211";"The Economic Journal";"2003-06-01";"10.1111/1468-0297.13913";"488";"The Role of Annuity Markets in Financing Retirement.";"113";"Mamta";"Murthi";"first";"The World Bank";NA;NA;NA;NA;"0013-0133"
"212";"The Economic Journal";"2000-01-01";"10.1111/1468-0297.00502";"460";"Mexico's Financial Sector Crisis: Propagative Linkages to Devaluation";"110";"Gerard";"Caprio";"additional";"The World Bank";NA;NA;NA;NA;"0013-0133"
"213";"The Economic Journal";"2018-07-01";"10.1111/ecoj.12536";"612";"Cross‐country Perspectives on Migration and Development: Introduction";"128";"Caglar";"Ozden";"first";"World Bank";NA;NA;NA;NA;"0013-0133"
"214";"The Economic Journal";"2008-08-01";"10.1111/j.1468-0297.2008.02177.x";"531";"Exiting a Lawless State";"118";"Karla";"Hoff";"first";"The World Bank";NA;NA;NA;NA;"0013-0133"
"215";"The Economic Journal";"2010-08-01";"10.1111/j.1468-0297.2010.02373.x";"546";"The Impact of Diagnostic Feedback to Teachers on Student Learning: Experimental Evidence from India";"120";"Venkatesh";"Sundararaman";"additional";"World Bank";NA;NA;NA;NA;"0013-0133"
"216";"The Economic Journal";"2013-09-01";"10.1111/ecoj.12020";"571";"Community Nurseries and the Nutritional Status of Poor Children. Evidence from Colombia";"123";"Vincenzo Di";"Maro";"additional";"The World Bank";NA;NA;NA;NA;"0013-0133"
"217";"The Economic Journal";"2022-01-07";"10.1093/ej/ueab035";"641";"On the Quantity and Quality of Girls: Fertility, Parental Investments and Mortality";"132";"S";"Anukriti";"first";"The World Bank, USA";NA;NA;NA;NA;"0013-0133"
"218";"The Economic Journal";"2000-07-01";"10.1111/1468-0297.00562";"465";"Access to Markets and the Benefits of Rural Roads";"110";"H. G.";"Jacoby";"first";"The World Bank";NA;NA;NA;NA;"0013-0133"
"219";"The Economic Journal";"2010-05-01";"10.1111/j.1468-0297.2010.02356.x";"544";"Multi‐Product Exporters: Product Churning, Uncertainty and Export Discoveries";"120";"Leonardo";"Iacovone";"first";"World Bank";NA;NA;NA;NA;"0013-0133"
"220";"The Economic Journal";"2002-01-01";"10.1111/1468-0297.0j673";"476";"True World Income Distribution, 1988 and 1993: First Calculation Based on Household Surveys Alone";"112";"Branko";"Milanovic";"first";"The World Bank";NA;NA;NA;NA;"0013-0133"
"221";"The Economic Journal";"2007-10-01";"10.1111/j.1468-0297.2007.02082.x";"523";"Budget Support Versus Project Aid: A Theoretical Appraisal";"117";"Tito";"Cordella";"first";"The World Bank";NA;NA;NA;NA;"0013-0133"
"222";"The Economic Journal";"2002-01-01";"10.1111/1468-0297.0j679";"476";"Is There an Intrahousehold ‘Flypaper Effect’? Evidence from a School Feeding Programme";"112";"Hanan G.";"Jacoby";"first";"The World Bank";NA;NA;NA;NA;"0013-0133"
"223";"The Economic Journal";"2004-01-01";"10.1046/j.0013-0133.2003.0174.x";"492";"The Economical Control of Infectious Diseases";"114";"Jeffrey S.";"Hammer";"additional";"The World Bank";NA;NA;NA;NA;"0013-0133"
"224";"The Economic Journal";"2006-10-01";"10.1111/j.1468-0297.2006.01117.x";"514";"Land Reallocation in an Agrarian Transition";"116";"Martin";"Ravallion";"first";"World Bank";NA;NA;NA;NA;"0013-0133"
"225";"The Economic Journal";"2006-10-01";"10.1111/j.1468-0297.2006.01117.x";"514";"Land Reallocation in an Agrarian Transition";"116";"Dominique";"Van De Walle";"additional";"World Bank";NA;NA;NA;NA;"0013-0133"
"226";"The Economic Journal";"2016-11";"10.1111/ecoj.12211";"597";"The Impact of Vocational Training for the Unemployed: Experimental Evidence from Turkey";"126";"David";"McKenzie";"additional";"World Bank";NA;NA;NA;NA;"0013-0133"
"227";"The Economic Journal";"2016-11";"10.1111/ecoj.12211";"597";"The Impact of Vocational Training for the Unemployed: Experimental Evidence from Turkey";"126";"Rita";"Almeida";"additional";"World Bank";NA;NA;NA;NA;"0013-0133"
"228";"The Economic Journal";"2016-11";"10.1111/ecoj.12211";"597";"The Impact of Vocational Training for the Unemployed: Experimental Evidence from Turkey";"126";"Cristobal";"Ridao-Cano";"additional";"World Bank";NA;NA;NA;NA;"0013-0133"
"229";"The Economic Journal";"2018-07-01";"10.1111/ecoj.12463";"612";"Why Don't Remittances Appear to Affect Growth?";"128";"David";"McKenzie";"additional";"World Bank, BREAD, CReAM, and IZA";NA;NA;NA;NA;"0013-0133"
"230";"The Economic Journal";"2020-07-01";"10.1093/ej/ueaa013";"629";"The Ecological Impact of Transportation Infrastructure";"130";"Sam";"Asher";"first";"Johns Hopkins University SAIS (Asher was at the World Bank Research Group when this paper was accepted)";NA;NA;NA;NA;"0013-0133"
"231";"The Economic Journal";"2022-07-14";"10.1093/ej/ueac012";"646";"Patterns of Labour Market Adjustment to Trade Shocks with Imperfect Capital Mobility";"132";"Erhan";"Artuc";"first";"The World Bank , USA";NA;NA;NA;NA;"0013-0133"
